username;ref_as_follower;ref_as_following;ref_as_faved
coopera;1;3;2
nickcobby;7;22;3
magicjunkradio;0;7;0
drhugo;0;5;3
rhymast;25;55;9
noobe;75;30;8
multimodalradioshow;14;41;2
jrapp;10;5;0
procacci;1;0;0
mrlivewire;55;36;2
sonja;5;9;0
MaxMusic;1;2;1
djbeauriche;1;0;0
TidyRhythm;0;13;2
ATLBOY;2;1;0
renegade_0131;2;0;0
Dominofx;38;13;1
tomm;14;50;13
wearebeatnik;8;15;4
flashback;2;2;0
DrmZ;8;16;4
TadasQuazar;8;12;3
circuitflow;23;35;0
lekrux;12;1;0
for_mad;0;4;2
ty_ees;6;12;2
bassjam;191;115;14
jeekoos;0;1;0
moofin;3;42;18
Silverboy;2;24;6
dairmount;79;25;1
alank;2;8;3
Jin;2;17;0
Lanner;1;9;1
shanewatcha;84;87;1
digitalself;0;1;0
westside_fm;12;21;1
djpaulgabriel;14;6;0
electrofunkdiscotek;65;60;2
integratedaudiosolutions;3;2;1
nullandvoidblog;7;10;0
Nick_Rider;27;12;0
aland;2;3;0
djkatarina;1;24;7
indeepndanceradio;0;18;3
paulpre;0;216;60
logos;4103;410;8
jennaweave;16;19;1
benversluis;363;139;3
galetvalet;5;17;4
Tuney;0;4;0
pencilface;21;20;3
piratech;4;7;1
dickiecox;3;6;1
cocomac;13;11;3
sleephouseradio;0;4;0
electronationradio;3;137;22
Twenty7;16;9;0
rjdidit;10;28;1
soleqs;1;13;0
ShaynAlmeida;23;46;2
quietmusic;6;345;31
casper_c;0;8;0
timeblind;5;36;2
electricshock;2;2;2
danwood;39;69;15
djconsciousness;0;9;4
petebutta;0;18;3
attackyourself;10;31;5
djcastoltroy;0;9;0
nickwicked;0;7;0
Reuben_G;0;2;1
zaren_inthemix;5;9;0
renegadesofjazz;38;36;7
osm;1;8;2
Tobo;4;28;6
DJMirkoS;9234;708;15
hibernaterecs;6;90;40
Charles_Wild;7;28;15
metricmoses;4;34;0
soundpellegrino;1;339;142
Tensor;1;2;0
djeuan;4;14;0
deezeejay;9;14;0
dj8088;19;8;0
djjrkaozz;1;2;1
hotbutteredsoul;6900;1487;206
scen;6;5;2
BestivalRadio;0;169;24
lodgecast;17;10;1
lepiaf;0;2;0
fRoggy;5;13;0
increibleignatz;1;9;0
tunesdave;9;13;2
cutups;6;71;17
playjazzloud;164;204;54
alfy;2;1;0
anflec;3;3;1
Muze;3;2;0
Jeering_Ogre;86;50;0
niskerone;0;16;0
BASMEISTER;16;21;8
theweddingdjs;3;3;0
clekzo;10;35;2
pressurebelfast;27;31;2
artizanmusic;0;10;1
raffertie;3;25;1
AnonymousDJ;1;1;0
barryfoldout;26;19;3
djdisc;17;14;0
ibizarre;0;7;2
djcrises;26;33;4
ROCKFORT;0;20;4
oldboysclub;0;7;0
briaproject;7;4;1
BoB_SwanS;225;135;2
blackpasta;1;6;0
somalia;58;49;1
pp15doodoo;1;5;0
alexeyryasnyansky;0;0;0
mantask;1;5;0
241mixcloud;23;19;0
myteaatom;32;99;30
buhrandenb;10;2;0
anilchawla;17;175;17
med;1112;154;7
27b;21;131;0
admo;3;8;0
collider;27;36;2
djdamo;5;1;0
digitalbarro;11;10;1
shellzenner;4;12;2
happeningscene;9;11;3
Ultrabeats;2;1;0
raibaz;4;14;1
hairybudapest;0;7;0
djprofessorx;107;35;5
deric;2;19;4
Dungeons_Djs;11;12;2
NinoKawasaki;2;2;0
neulander;5;2;0
larrysun;0;2;3
djtuffstuff;305;38;3
colinpurdiedj;9;6;0
polinski;0;6;2
djsouchou;3;5;0
baller;0;4;5
nerm;40;41;5
thrust82;0;3;0
unseendj;12;2;0
djder;30;38;0
whitefolksgetcrunk;0;58;13
georgeccs;114;35;0
electronicideologies;2;15;6
klainmain;0;1;1
bestofallworlds;1443;303;18
aaronbingle;3;5;0
armagiddeonsound;4;4;0
hofer66;16;33;5
hypem;0;191;9
goodwing1;1;0;0
1indienation;13;97;16
ZUMERS;0;25;5
LeFtOoO;1;785;298
videokidd;8;22;0
jarringeffects;16;23;4
thorazine;1;1;0
djinocente77;6;0;0
elligraz;26;22;0
stevsomething;7;44;3
hrrrd;43;61;3
BobbysRadio;16;6;0
SickTrumpet;0;18;1
djsteveukit;9292;814;14
djalexserra;10;6;0
deCtar;22;89;40
thomasfarrell;26;28;2
LeaflessSound;61;35;0
chrismanahan;0;1;0
soundinmontion;4;3;0
staganddagger;1429;392;22
fissureprice;12;13;0
darrenf;11;53;2
Leejarvis;179;127;4
RonnyPries;9;6;0
DJFunkerman;66;77;6
furiotek;612;352;7
stereolove;15;41;30
daysarenumbers;41;35;0
plow;3;8;1
dieselumusic;118;421;99
equinoxrecords;10;10;0
sinisteracoustics;6;14;2
SmackDabb;13;43;3
willhead;0;1;1
bigt;11;25;1
DJKENTASTIC;0;1;0
MiguelDelBosque;3;4;0
djgetta;0;6;0
BurgerBoy_75;2;2;0
djphaze;3;14;0
cashback;10;12;2
msunda;83;43;2
icetraxx;8;10;0
trainrec;0;5;0
roguefader;2;1;0
myxterious;1;2;1
distrikt;1;0;1
SonicDiary;5;12;2
heroinomano;7;4;2
laboogie;3;3;2
radioeco;0;2;0
NorthEastTruth_com;0;2;0
hannes;1;1;0
sesner;22;36;4
planetshhh;9;43;6
DeRange;1;39;26
loudubbs;3;4;0
djgoldy;3;5;2
protony2k;1;5;1
djadriano;2;14;0
davegorman;0;26;0
nanoelectriks;7;11;1
JuliAnDeejay;0;0;0
DJ_CHRIS_S;0;9;0
livingstonesound;3;6;0
malfunctional;19;34;0
therub;0;120;35
sGiancarloLM;5;4;1
eatyourownears;0;50;10
trevster;3;36;7
zebee;4;2;0
Bengostage;5;2;0
djrickg;1;3;0
IndieHipHop;0;3;0
milo317;0;1;0
TheboyDangood;499;204;6
immuzikation;1;14;6
Dave_Luxe;0;8;5
stuartgray;1;2;0
eighteen;6;82;101
locket;12;24;3
pacogonzalezmusic;846;141;3
dazed;0;552;291
garffi3;30;20;1
joeysnow;2;5;0
secretagentgel;8;34;0
Rodreegez;10;34;0
djsteveadams;7;27;1
phane;4;4;0
btbxfx;3;3;0
gabbenniamenassi;162;37;1
genki;11;9;0
TranscendentalD;4;3;1
wand;9;12;0
micutiran;3;14;2
process;8;22;0
barryguffy;22;37;7
djkrates;2;7;0
mariosa;2;5;0
adhdjs;10;59;5
bytz;15;4;0
djgarygillespie;2;4;0
dbugd;59;48;1
WAVES;65;7;0
jonny_boy_records;2;22;5
DjLimitz;8;17;0
tapebox;2;11;4
JOEKAY;30;56;7
Chemikalrecipe;22;7;0
filthydukes;16;466;182
aliana;17;15;0
djgraffiti;0;9;0
Antoine1;0;16;0
truthoughts;0;317;145
mikecheckum;8;5;6
spartacus;18;96;14
natefx;0;1;0
indjstione;1;9;1
DanceHallKitchen;119;35;1
mateoklaic;15;5;1
Freshunsigned;11;14;1
djcodeblue;51;174;40
magnedisck;5;0;0
a_l_a_n;3;4;3
teamspirit;0;0;0
billyrohnsen;12;9;0
freshsqueezedksfs;2;5;2
pikto;2;8;0
drumzofthesouth;28;21;1
unoo;1;1;0
illness;0;5;2
gusgranite;44;15;1
redsoul;0;2;1
tha_pablo;8;3;1
valtlibert;2;1;0
brabanit;29;33;0
voodoofunk;1;116;33
flangerouss;6;6;1
Nato;4;5;0
uploadtest;3;3;0
imthemachine;10;14;5
jellyjazz;0;45;7
nicolahs;0;2;1
mrzenes_sessions;29;31;1
dinosaurs;24;21;0
STV;1;7;5
LE;8;0;0
fd;22;15;1
hdif;46;58;10
smnoize;57;45;3
synthesizerman;167;103;24
rabenschnabel;0;11;0
rarereviews;11;11;2
joanbarnes;1;5;0
wildbloodandqueenie;156;75;1
LaidBackRadio;12;1337;652
AnswerMeThis;3;28;2
FreeEnds;4;0;0
riotous_rockers;0;5;2
sx;80;37;1
98dmalcolm;7;25;1
Phantomas;7;48;4
mjl;1;1;0
mezz;1;2;0
DjSurfer;369;143;1
djastrus;4;2;0
uptowntopranking;51;75;2
bigwheel;8;3;0
djEverett;17;35;3
kadibeats;0;3;1
anothermultiplicator;3;5;0
NubiS;3;7;2
aaronpavis;2;3;0
jakubdymek;13;58;11
teaandcakerecords;258;266;54
JohnJonesDj;0;9;4
dirty_j;3;1;0
LittleRobsBigTunes;1;1;0
pikpik;2;0;1
housebox;21;29;0
kanberhakan;5;8;0
gr0t3k;13;5;1
hervewizla;2;132;72
martinezeme;1;6;0
johndigweed;0;732;177
dough;674;103;33
dougiedagnabit;24;21;1
refried;2;11;2
bloodrainbow;1;4;1
peppo;1;0;1
alberto_rahim;4;2;0
ezequielmarotte;39;19;0
h1m1;1;1;0
mrdirty;0;1;1
pegerteg;140;132;1
djlaud3r;2418;339;3
markanthondj;2;1;0
DISTORTION;0;2;0
djramonb;3;7;0
destro;458;81;5
DJVal;5;8;0
clubdumonde;1581;425;15
rosielee;0;2;0
beatnick;0;57;4
jonbrady;4;3;2
thejackboyz;0;1;1
Aaronaudio;0;11;1
jimbreese;1005;228;7
pawnhearts;0;1;0
daekano;2;3;0
ethylmusic;0;16;2
miss_dlove;1;1;0
rosslogie;1599;488;10
djbinaural;449;87;0
alibenz;80;35;1
iside;4;4;0
Niko_Le_FurTiF;2;1;0
mnuvrs;0;71;3
MissBlitz;5061;875;41
djaktarus;5;3;2
borracho;611;203;2
sph1970;2;23;12
elvisofdallas;41;66;6
hhtechno;0;0;0
backgroundnoise;3;28;3
2bcontinued;8;6;0
homegrown;55;57;1
kemzino;1;1;0
lilostitch5;2;7;0
janecandy;1;4;2
nomarkit_radio;1;43;43
payback;18;252;60
RareFM;22;34;0
DMAX;228;250;44
indiabeat;11;15;3
krewlio;1;1;0
newpollutionmagazine;26;67;11
CJ_Mills;3;1;0
kentron;15;9;1
robotnine;11;9;2
droy;1;11;0
SHOCK39Bangkok;2;1;1
jinmart;1;2;1
kaset;1;45;53
goldsack;2319;346;2
jaykitts;14;7;0
thepower;8;2;0
chunkfoofighters;3;4;2
vonparker;5;11;0
djern;0;6;4
Hungry_Man;38;33;2
randomage;0;3;2
DjAleph;1;7;2
foxache;0;7;0
leecoombs;225;118;8
kyngbee;4;14;3
footfetishrecords;6344;632;7
fmproject;3613;402;4
darkmode;2;14;1
Going_Back_To_Our_Roots;14;8;1
coopablu;7;11;0
ClearCut;0;20;4
jedrobbins;21;11;1
djjoston;6;10;1
cubikmusik;41;91;25
ct1904;4;12;0
dermage;2289;496;25
WillieStyles;8;48;3
derberber;2;10;3
badmojo;29;33;2
DJ_IC;2;3;0
Dj_Chewo;1;30;4
nsfw;4;4;0
djDKN;5053;598;18
BADe;2;12;3
technomafiarecords;1718;1007;220
tony_s;5;15;2
DJDannySalgado;0;18;0
domtak;5;35;4
alexigozard;15;7;0
paulriley;94;109;21
stephenfry;0;87;4
sooor;13;2;0
woody_homegrown;0;4;3
sandresky;4;1;0
Nikolay_Dochov;3;2;3
brawlcast;18;21;5
rv;26;32;4
djfury;0;7;0
olanallcity;0;7;0
AFRMUSIC;1;1;0
KingTruman;3;11;5
russla_labrat;2;3;1
vandal;10;26;0
zer0zen;10;7;0
dj_mado;8;9;1
dubinch;9;6;0
mason;0;87;4
Belka;30;16;1
rethinkdaily;13;4;0
johnlew;5;8;3
blnd;42;87;17
johnandon;48;31;0
pwedza;1;1;0
wheee;8;7;0
surrendermarcy;1715;237;3
djkenstone;0;14;1
mileagedubist;7;6;0
resistor;0;6;0
planetkl;6;33;8
gotjebus;7;18;4
suppakid;2;10;0
djrodrigozimbres;3;1;0
neuroticnate;45;50;6
ONEMAN;39;864;216
Peezy_World;3;3;2
bleep;0;134;57
propersongs;21;124;39
deisekid;4;6;0
ElectrogeneB;436;133;1
Teir;6;12;1
dsoundzmedia;0;7;0
JimPanzer;32;53;4
POPCOX;5;4;0
djneilcapper_waxeduphousemusic;151;93;1
thesixties;5;9;2
takafumi0208;4;0;0
tellmon;6;4;2
BenJam;63;13;0
thefixtape;79;43;9
r5;6;4;0
djmarkellavenson;8;14;2
fiascolondon;0;5;2
thompsonsgarage;0;8;1
mogmachine;0;15;1
tynamite;7;20;0
djphet;1;1;2
czeknology;4;1;0
PunksJumpUp;0;36;9
dirtydisconinja;2;7;2
synflood;8;34;6
marclatilla;20;17;0
groovebugs;50;87;17
Cairogroove;2;1;0
discooutcast;63;92;6
djtros;0;5;0
slpngmchn;10;9;2
513;24;25;4
dreamlogic;4;2;3
paulhazendonk;0;35;2
blugazer;0;2;0
37signals;0;10;0
imhouse;1;5;3
Phattic;15;6;0
Alena_Arpels;97;47;12
misi;2830;480;11
AlexParsons;83;61;0
pn1;1;0;0
nepz;43;46;3
haushaed;2;9;5
mesmer;1;25;4
michaelcolley;3;1;0
tompritchard;260;117;9
manuelmalaspina;0;10;0
benufo;7;471;51
djgani;34;30;0
badpandarecords;21;27;3
THEMJEANS;10;113;31
phatsam303;5;5;1
AnotherAmit;2;65;11
woodhead;1;0;0
djanees;1;4;2
brezza;2;3;1
CouchFire;16;56;1
mixclub;1;1;0
piranhabryanna;14;37;0
mr_g;262;155;14
spoekmathambo;35;54;5
testing99;8;43;1
prototype202;12;3;0
KitchnSync;373;199;5
richiefargas;1;5;0
nomix;11;27;0
djraze;14;15;3
pj4533;9;84;18
herewearedance;7;6;0
themusictank;0;6;2
hongkongpingpong;29;86;32
DjDawizz;0;4;0
gee_low;2;1;1
andres_marcos;1;3;0
nouvolec;4;1;0
thedailystreet;4;41;16
radionula;6;42;9
gubsta;1;0;0
normanhstripped;425;103;3
Dariio;3;0;0
jamie;27;44;5
giocator;5;3;2
Carlitobigante;35;33;1
regrooved;58;152;41
djrafaelbarros;0;4;0
TwoTurntablesAndAGuy;3;4;0
antidote;4;41;5
Shin;1;9;2
misterfluff;9;27;2
EstimuloShow;0;8;3
VesperDJ;40;39;12
djmiss_understood;4;1;0
splattermonkey;27;50;11
LesterG;12;8;0
MattRawson;110;170;6
dmoefunk;18;41;10
OkiZooMhZRebellion;14;10;0
globalibre;707;278;45
jazzelicious;6;18;3
djreeceduncan;0;3;4
djbruce;0;1;2
Friction;23;93;13
FoxyKittensHighFrequency;18;26;0
kludge;3;4;1
ventura;13;29;0
djhombre;3;26;7
DorfpunkxGhettoCrew;1;0;0
flash_jordan;6;29;1
DepressedButtons;6;2;0
jdats;1;1;0
djkress;1;0;0
queen_d;3;3;1
lafu;55;53;5
shiEldsUK;5;11;1
behaviors;481;167;3
filthandsplendour;0;10;1
DJSupertoy;2;0;0
emilioromo;1278;228;0
audiotrucs;1016;158;3
drob;0;1;1
electrodisiac;0;43;5
afghanheadspin;0;10;1
OisinLunny;20;84;33
yoyoyoni;43;37;0
yosaku;1;2;0
jessikazen;0;2;0
minimalgrooves;8;18;1
gogobizkitt;20;43;6
WEAREPROSTITUTES;3;0;0
TheV;0;24;12
soulmindnb;481;101;2
theoslo;75;65;13
jonknox;6;0;0
10DIGI_I;0;0;1
tunemule;103;30;5
jeffvalle;0;1;0
lubacov;2;11;1
S_RAD;3;1;0
DJKILLERTOMATO;551;272;50
djmahit;2;6;0
barvzdarkly;208;144;35
DJBrice;5;4;0
lefreakselector;384;184;9
djbricksta;0;3;0
glittertunes;3;5;2
adambailey;0;1;0
fanfarefurore;8;11;3
pwikmasta;28;20;0
JazZstepPa;2;74;9
phi0;1;2;0
tknq;17;7;3
solarphoenix;3;8;1
djrichbaird;0;4;3
Nigel_Christie;1079;224;4
djblue;82;91;71
ntchbl;34;59;12
tosses;335;99;22
maswibilili;0;1;0
720Bass;1;44;8
olli_w;1;1;0
ruffm;0;17;7
machparat;1;0;0
FACTMixArchive;0;464;159
c60crew;10;56;25
LukeFDM;5;25;2
francescopico;21;18;1
jayfusion;0;1;0
tilt;4;6;0
bitsmissing;6;57;9
alistairr;9;4;0
Bennyervine;870;266;33
SP_Labs;2;11;2
TheMoBeatsExperience;6;3;0
candysanders;12;0;0
djsimbad;0;153;6
darenwelsh;3;7;0
chrisdevlin;5;59;12
ChaseCooper;0;9;0
mitch;46;70;2
santositaly;2;30;0
ozmodiar;0;6;0
nigelhennigar;2;3;0
upanddown;11;11;2
kingstonhot;0;6;1
mro;14;16;0
mrh;17;30;3
disko404;3;30;22
kidaround;2;1;0
cezarygapik;37;70;7
tosbin;23;11;1
zarin;6;35;3
OTR;23;28;5
DieselFragranceFactory;0;16;4
rkns;2;1;0
artek;7;12;1
lindoo;8;11;0
muccanuka;2;12;0
funkusion;22;17;2
dubsludge;8;19;3
davidotero;0;1;0
cambaleia;4;3;0
Orsii;157;684;265
cherenkovriddim;12;8;4
germfree;9;5;1
Djalexlo;1;0;0
DJ_JAWS_804;33;47;2
rollovbeethoven;4;2;1
tpolar;14;19;1
BangBeads;11;9;3
transpondency;0;8;2
radionarcotix;0;9;0
MattyBlades;57;27;1
thespankbass;154;55;19
voodootronix;4;14;4
wynw;14;2;0
thefratellifidget;134;41;0
WDPK837;2;4;0
lefrenk;2900;429;1
DJBERG;2;12;0
adambeyer;0;710;195
mmii;25;46;5
Port41;3;2;1
slinkyfm;0;39;2
Inertia;1041;325;6
masajazz;8;11;5
djfocal;3;1;0
LigaLize;1;3;1
maxyu;1;1;0
rinocerose;0;14;0
Zimpala;13;16;2
rebel_lion;1;10;1
gideon;35;66;9
DnVJ_Fraktal;6;13;0
globalsoundtracks;4;47;2
Beatport;0;281;6
djmarkstarr;8407;878;14
BlikkenTheDj;1;1;0
Lineage;8;2;0
larylaza;3;6;0
azbt;2;13;0
partyzanai;8;3;0
royalgroove;29;49;7
lukelocastro;5;4;0
deepersouthsessions;36;14;2
em_robin;26;37;0
MeltingUniverse;10;21;3
remedy;0;4;1
Cyanide;0;1;1
chopsuey;885;241;3
m0n0c3r0s;1;1;1
djbellyb;5;8;1
_giorgos;8;7;1
kodamabass;1;14;6
nei_bearproject;17;11;0
monsterbobby;0;66;27
gavinpalmer;11;15;1
kjellvistad;9;9;0
ParadoxMusicRadio;0;88;1
noa;1;4;0
kfa;28;18;1
unique3;0;6;0
potezica;24;30;7
dodgerman;117;107;22
fonkybeat;4830;626;37
jbostron;11;69;8
Unfeasable;21;41;4
TwoCharmingMen;3;20;4
YvesLaRock;0;15;0
blackin3d;1;2;0
djmarky;3;1007;397
DJMOE;103;69;1
yogibasics;769;283;0
mightyboogie;16;6;1
whitenoise;3;4;1
florenzsanchez;553;138;1
angelalanis;58;151;16
chuka;0;2;0
mattsever;308;104;1
djwan;4;3;0
manlikeme;18;58;5
suzybong;4;33;4
fraserfunk;10;7;1
bassador;6;7;1
djslackman;26;18;0
matiasvaldmont;3;0;0
justinzero;14;7;0
djbrokenfingaz;0;2;2
StuRamsay;1;0;0
314;2;2;0
giom;28;233;39
jonmanning;3;9;0
jamastera;0;6;1
allio;1;2;1
faakz;5;1;0
elementrix;1;6;1
truancy;863;404;111
deejaygoldsmith;116;78;4
optimum;241;132;2
murdeek;54;61;5
groovegsus;3;0;0
sneakBeats;45;36;7
flexdisco;2;4;0
chateaulateuf;88;103;9
jamescobo;8;17;4
SAVAGEBEACH;13;8;1
moovmnt;101;839;481
weareblahblahblah;0;6;7
cromie;0;5;1
king_slaFF;19;45;5
JooLs;5;10;0
snakecharmer;48;56;0
Magma;14;67;8
KDOTonline;15;39;2
guardianpolitics;0;10;1
robika;7;13;0
kryptoxx;1;5;3
oddio;519;446;245
lombardo;2;0;0
taktfrequenz;10;55;3
Sunflow75;4;5;0
sabotage;60;305;106
benwdj;37;49;6
shins_k;2;2;0
the140show;6;1;0
vladastojanovic;128;292;151
blackbrandonsmixes;2;4;0
huggs;0;5;1
PAEBAC;0;4;0
shaunduval;44;43;4
Dusty;23;66;11
smokeradio;0;4;0
hardbassdealers;38;11;0
timmy;1912;310;8
ramontapia;0;26;1
tombulwer;5;17;0
coffeehouseradio;0;4;0
Professor_Eddy;97;240;84
djmoodswinger;33;46;7
wbaloo;17;10;0
soxxi;136;152;10
radiokillaz;1;8;0
beatdigger;979;259;1
JJC;5;16;3
fukhed;31;26;2
creak;32;44;2
MikeTaylorNSR;0;5;2
jetproject;7;42;2
ukfmusic;0;89;35
mykfukz;2;7;0
beaudamion;486;171;4
DubtimusGrime;9;151;88
bardall;0;12;0
innersounds;10;75;26
ivarsm;1;15;0
coneyislandsound;275;115;13
djnicotean;328;95;0
braiden;19;235;28
Ficus;27;44;9
panomanara;1;11;0
rudzee;47;41;0
UnmarkedDoor;14;36;11
czscream_cube;1;2;0
kridmusic;669;231;7
gilleswasserman;0;5;1
DexterousD;659;110;5
bamm;0;8;0
deejaymaylee;2;9;2
JamesFurness;11;57;1
tyrelwilliams;1;1;0
DJFurious;6;5;0
alexmadden;2;24;6
djpauloleite;28;26;0
jim;64;73;12
HijaQ;2;0;2
Barkers1970;27;40;1
djdubfama;1;9;2
forbiddenfruitrecordings;169;101;4
megabassclub;5;56;18
techvibes;63;57;5
Koschy;27;12;1
chlorochill;2;3;0
BreezyFM;1;0;0
poumtchak;22;28;2
robertass;8;7;10
bordercommunity;30;525;148
MarkoLuna;14;7;1
joebird;2;0;0
aplusdj;2;4;1
artefakt;1;5;1
dj_ange;1;14;1
thisiselement;14;10;1
lechateaurouge;27;18;1
diogo_semedo;0;1;1
deansmith;10;26;5
Pepper;3;4;0
djandymart;54;48;0
ominous_upperkutt;1;0;0
knowledgemag;42;584;162
chrisvench;6;10;0
union;12;37;1
theblackdog;0;57;8
OscarTG;5;38;8
kaster;1;1;0
distantstarr;302;104;5
BASSHEADS;0;7;0
vlad_cheis;0;0;0
frz;28;35;13
djjeromehill;0;12;1
rafiqimusic;4;4;0
kaizenrecords;0;36;5
Vincenn;1036;399;56
joelarmstrong;68;26;0
rudeboi;2;0;0
joecoseness;63;156;68
CiLLYC;7;12;0
counterpartint;0;2;0
rocksteadyuk;0;3;0
DjHands;9;6;3
Robosonic;0;29;5
gigamix;0;23;3
pixelover;42;32;2
undagroundsouth;8;4;0
tomtomfromneukoelln;28;25;2
wtchouseradio;1;38;11
patnb37;11;1;0
deekeed;4;4;1
akwaabamusic;1;86;23
eliotgroove;4;0;0
djrome;20;47;5
phlow;6;31;12
virginhelena;1;16;0
emmakid;0;5;3
ZombieDiscoSquad;0;423;25
gnz;58;31;2
camelglasses;53;30;0
ben81;3;2;0
djriffraff;14;22;3
untitledmusic;122;94;4
tykarma;204;49;0
damirp;36;41;3
RudyK;0;2;0
DV8;54;93;14
renatom2;11;20;2
mixcloud;15;157;33
Ladyprowl;17;11;0
thesilentradioshow;4;18;5
outpostmedia;0;32;2
djfreshone;4;10;3
juksbowl;34;39;4
struboskop;29;56;8
DJDimsa;27;165;103
therapydubstep;1;1;0
vonpander;22;18;8
PublicHouse;52;88;6
GlobalAccessDJs;221;24;1
djsofaking;1;1;0
cbtr;0;8;0
inium666;0;0;0
zenray;1;24;2
Silpher;2;0;0
kokojoe;3;3;1
DJGully;0;1;1
musicgrabbedmyballs;749;168;1
arcticcircle;3;70;12
deathelectro;1;19;1
saturdaynightsessions;32;231;72
tropical;3;6;0
Tony360;219;56;2
ESTRANGE;50;64;6
dima_ne;27;36;4
djkmart;56;62;21
nonXero;37;38;2
soham_sounds;9;25;11
ChrisRundell;3;1;0
MILENA;11;33;1
aichkue;2;6;0
putmeonit;0;21;5
ChristianAllende;10;9;0
rideon;13;23;4
naptuk;197;236;32
michelleowen;5;8;0
pauln;2;10;0
bosbestradio;2;6;1
italianpod101;0;3;1
deejayseriph;6;5;3
MaterWolf;6;14;1
rivastarr;11;589;38
jackedupbeats;3;9;3
katelawler;0;17;2
refix;32;37;3
ShaneSOS;14;38;8
moderadio;4;3;1
oscarbarlow;16;24;0
fuss;32;14;3
djuter;0;2;0
marcflaque;13;9;0
VitalSound;0;22;14
DjChOw;11;26;1
bronimlo;0;5;0
lordjackson;8;3;0
stoppauseplay;0;2;1
weirdwithbeard;13;11;4
deff;1;1;0
djdubd;1;6;2
peepfunk;26;112;41
woofer;0;0;0
Deejbrat;8;3;0
AlexNV;4338;483;9
djdave;6;4;3
klausk;4;0;0
benales;13;11;0
bruiserbox;692;143;2
Salvo_VL;6;2;0
lemonchill;11;11;0
djgustavokwak;40;13;4
fftt;87;98;20
wearemonsters;0;5;2
schmee;41;22;0
kissmytrash;174;34;0
silvahfonk;17;5;0
djxray;2;2;2
dancullen;37;50;2
pham;20;39;4
clubpopozuda;27;47;2
deadly;3;117;47
funkism;0;32;0
PabloFreak;0;2;1
martelo;4;235;71
djsqid;11;4;0
riccicomoto;245;149;10
Flash_Bang;4;7;0
pomike;28;7;0
djsisco;4;11;0
insein;1;14;3
circusmaximus;5;12;2
blakeandrew;1;2;0
bencrew;269;148;9
phonanza;0;24;19
salva;16;8;0
krywolf;1;6;1
solesides;6;53;11
backtochill;0;5;1
drunkelephantsound;6;7;0
fakedtunes;3;2;1
rebekah;9;86;3
DOTJPG;1;1;2
Ferdigunay;1;8;0
negom;5;7;0
adambozzetto;1;3;0
syte;56;87;11
rastafarijanac;18;14;0
dswe;5;23;2
jose;2;1;0
ersoynaz;1;8;0
onefortheditch;40;35;2
shelest;10;6;0
paulh4ck;2;4;3
arturiosK;1;2;0
DaleFTW;41;37;0
JoelRaver;0;1;0
djflipinthemix;3;11;0
codecshift;1;11;1
fullvocal;4;10;0
monkeysupersound;2;1;0
Flashmen;0;3;0
lostidol;0;15;6
bigchillers;48;80;11
ADominantSpecies;238;59;0
kleingeorge;3;1;0
sensxperiment;3;1;0
caramel;3;2;0
djRicardoBEL;1;1;0
tnl;3;0;0
plaatvervangers;3;6;4
discobloodbath;2;35;7
1point5;9;2;0
DannYL;1;2;1
rastitkac;6;23;2
motorv8a;0;12;0
MuchoSugoi;2;12;0
OctavPaul;10;3;0
coolsurf;3;2;0
einton_zweiton;36;61;4
fazgroove_records;34;29;5
trash_nottrash;21;46;6
djdeiu;2;1;0
GarethBoscoMcAlinden;0;1;0
negghead;12;12;0
djdrik;5;8;0
OG;4;10;2
cbtz;65;20;1
Aleksandr;1;4;1
mronextra;2;3;1
illusion;10;6;1
utemzavar;0;9;1
fquest;2;2;1
Halogen;20;65;20
khurtizz;1;7;3
samredmore;0;4;0
huakai;22;16;0
miraclelibido;16;38;7
axelk;52;41;1
audiofamilies;37;103;4
edelbeatz;0;8;0
PixxxelPorns;6;23;0
joroboro;2;9;0
djjdub;1;7;3
hotviruz;9;32;8
marcellus;12;35;0
SlimBlue;0;17;4
soundwitch;17;5;0
djbigs;3;2;0
christianmalloni;2;8;0
rekonekt;24;26;3
bgyssshow;0;2;0
FelipeDoub2eF;2;1;0
tanith;0;17;5
outerbeat;5;3;0
DJChrisTarn;3;5;0
misplacedmarbles;1;2;1
djphunktion;16;22;4
toshoutforever;3;0;0
lelesuher;1;0;0
SymphonicDistribution;0;2;2
evanscott;2;6;1
badman;41;26;0
tharindu;9;7;2
dinokazamia;2;2;0
noiseman;21;17;1
thebizczarsinista;4;15;0
ddc;1;2;1
PokerPR;2;15;0
jackswift;306;61;1
deuceshow;0;16;0
addtocart;3;10;2
Lucien_Reden;12;7;0
jason_s;0;11;9
andresnash;3;2;0
sireus1;22;60;17
rikoroos;26;22;6
Summer5;15;4;1
autopistalivetrip;38;30;6
DjsExclusive;67;14;0
djinsivar;7;8;4
birago;1;3;0
oliver;1168;354;50
seleniumtester;0;1;0
lowfreak;3;2;0
artrocker;0;5;0
iseleven;0;4;1
mavee;15;16;0
montero;9;31;4
brobots;27;13;3
aldare;8;10;3
dubszekhaz;45;29;1
skorelateuf;51;72;14
Rob;1;23;0
headstand;5;10;0
djphillykev;9;12;2
untitledtheindierockshow;0;3;0
Slpacman;64;53;5
peenko;1;3;1
WorksOfMart;0;1097;440
doom_boy;37;37;2
lukehandsfree;10;21;1
peter_seligman;1;2;1
government4000;13;6;0
djmanifest;4;1;0
maxwell;2;12;0
Trylogic;2;2;0
ndddkn;1;9;1
gands;20;13;3
MaximalGang;0;10;0
fabbbbbio;13;29;4
james_j6;9;51;21
gilesk;66;70;9
kuze;34;12;1
PsynOpticz;0;8;0
MarkTheMachine;2;2;0
djoneman;0;6;4
BrownswoodRecordings;0;176;15
bdpcali;0;5;0
moveya;1;7;2
deception;8;3;1
fabric;0;888;139
themoth;0;19;0
antonyjmhowe;0;6;0
bigmoeproductions;465;144;2
funkskillz;182;98;11
combinator;0;3;0
djcreal;2;1;0
djdieyoung;5;11;3
DiuKKe;13;4;2
oneofakind;40;55;12
tiftik;2;1;0
DjNoldar;0;0;0
valta;52;71;4
NBM;0;5;0
rudeboy;15;18;0
Mtrik;17;9;1
vosgueules;5;13;0
missp;19;22;0
pearsall;11;4;0
DJManuElChino;3;0;0
maxpollyul;24;20;1
guardianfootballweekly;0;11;0
zakgee;44;12;1
eleganthands;224;103;3
r4u1;8;3;0
DELETEDJAN17A;3;10;0
monsiuerbarto;6;34;1
BelleVue44;65;48;8
phunktronix;3;3;2
soulray;16;6;0
itch13;14;16;1
djnadr;0;1;0
jeffbennett;0;59;2
andosound;3;2;0
Ches;13;12;1
ukolov;1;3;2
pull;6;14;0
Chappellza;5;1;0
djdaddybob;0;5;0
ledhead;235;41;3
1Piece;11;17;1
mikeymisi;16;52;1
piercardinmix;6;44;14
ravin_rom;1;5;0
versuselectronics;6;24;3
smasher;10;45;2
diegosalvador;2;3;0
pinkychukkles;2;44;6
yolaman;15;33;1
oxfordunibusiness;0;22;1
guruslan;4;23;0
Airidasfusion;31;28;4
seanswisz;1;3;0
russcuban;12;24;5
simonlangham;0;3;0
toellby;1;0;0
norman;0;2;1
more;10;6;1
ua;0;9;0
AmyGrante;247;83;1
ericp;18;41;6
gastonet;0;6;1
matierenoire;7;2;1
djbrandname;51;73;4
hellman;1;1;0
inbeats;31;29;0
theilp;1;9;0
djforcespas;3;7;0
marafiotidj;0;0;0
matpayne;60;98;7
olivetonic;14;24;2
yoshishi;4;4;3
gamartstudios1;0;0;0
ivanenot;68;56;5
drewac;13;3;0
pantsparty;150;96;10
inalbion;6;23;1
kjv_music;28;19;1
Liapin;4;3;0
dorin_zlx;28;23;0
MITpress;0;16;1
Gnome;1;2;1
dubgabriel;44;45;1
legobeat;3;7;3
milesbonny;42;101;13
dbty;15;6;1
Mephs;0;1;0
speakerhumpin;7;4;6
Hark1Karan;14;23;5
padraigmcmahon;15;6;0
basstation;4;21;3
drumandbassarena;0;144;17
flytronica;92;95;18
sfdparis;215;164;27
Tenzamusic;7;0;0
clubdelmar;0;11;1
rastyn;26;9;1
rbrt;12;6;0
dotpim;3;17;5
reash;6;7;0
coltep;119;73;12
LAZERFACE;9;3;0
driftingfalling;2;11;6
AcidJacks;7;137;4
sedataltinok;8;19;0
calitron;4;5;0
ministryofsoundclub;1;199;23
illuminationproject;0;0;0
OndaSonora;67;218;51
joshdamon;3;26;2
FortKnox;72;534;184
djprinz;4;25;5
volumebalance;2;2;0
DJDVDA;0;7;0
sughoclub;0;6;1
andykisaragi;3;3;2
U;11;14;0
flyboy;33;31;4
djnicenoise;9;19;2
bogdantaran;0;10;0
hawker;18;31;0
audiosmith;8;4;0
muddworxx;3;4;1
thomasray;1;2;0
VSPUrbanVibrations;1;40;9
superabenteuerboy;6;4;1
fraser81;10;5;2
bgpz;8;21;3
electroplated;7;43;12
philuccio;16;15;1
danielsandersdj;15;23;6
thetuesdayclubdjs;0;8;1
Chumb4;1;1;1
Blakey;8;92;15
djorion;9;5;0
svolanski;44;21;1
